fname,labels, is_valid
cards/Director_Krennic_Normal.jpg,Director_Krennic Normal,True
cards/Iden_Versio_Normal.jpg,Iden_Versio Normal,True
cards/Chewbacca_Normal.jpg,Chewbacca Normal,True
cards/Chirrut_Îmwe_Normal.jpg,Chirrut_Îmwe Normal,True
cards/Luke_Skywalker_Normal.jpg,Luke_Skywalker Normal,True
cards/Emperor_Palpatine_Normal.jpg,Emperor_Palpatine Normal,True
cards/Grand_Moff_Tarkin_Normal.jpg,Grand_Moff_Tarkin Normal,True
cards/Hera_Syndulla_Normal.jpg,Hera_Syndulla Normal,True
cards/Leia_Organa_Normal.jpg,Leia_Organa Normal,True
cards/Darth_Vader_Normal.jpg,Darth_Vader Normal,True
cards/Grand_Inquisitor_Normal.jpg,Grand_Inquisitor Normal,True
cards/IG-88_Normal.jpg,IG-88 Normal,True
cards/Cassian_Andor_Normal.jpg,Cassian_Andor Normal,True
cards/Sabine_Wren_Normal.jpg,Sabine_Wren Normal,True
cards/Boba_Fett_Normal.jpg,Boba_Fett Normal,True
cards/Grand_Admiral_Thrawn_Normal.jpg,Grand_Admiral_Thrawn Normal,True
cards/Han_Solo_Normal.jpg,Han_Solo Normal,True
cards/Jyn_Erso_Normal.jpg,Jyn_Erso Normal,True
cards/Security_Complex_Normal.jpg,Security_Complex Normal,True
cards/Capital_City_Normal.jpg,Capital_City Normal,True
cards/Dagobah_Swamp_Normal.jpg,Dagobah_Swamp Normal,True
cards/Energy_Conversion_Lab_Normal.jpg,Energy_Conversion_Lab Normal,True
cards/Command_Center_Normal.jpg,Command_Center Normal,True
cards/Echo_Base_Normal.jpg,Echo_Base Normal,True
cards/Tarkintown_Normal.jpg,Tarkintown Normal,True
cards/Catacombs_of_Cadera_Normal.jpg,Catacombs_of_Cadera Normal,True
cards/Kestro_City_Normal.jpg,Kestro_City Normal,True
cards/Jedha_City_Normal.jpg,Jedha_City Normal,True
cards/Administrator's_Tower_Normal.jpg,Administrator's_Tower Normal,True
cards/Chopper_Base_Normal.jpg,Chopper_Base Normal,True
cards/Inferno_Four_Normal.jpg,Inferno_Four Normal,True
cards/Scout_Bike_Pursuer_Normal.jpg,Scout_Bike_Pursuer Normal,True
cards/Death_Trooper_Normal.jpg,Death_Trooper Normal,True
cards/Del_Meeko_Normal.jpg,Del_Meeko Normal,True
cards/Lieutenant_Childsen_Normal.jpg,Lieutenant_Childsen Normal,True
cards/Gideon_Hask_Normal.jpg,Gideon_Hask Normal,True
cards/Academy_Defense_Walker_Normal.jpg,Academy_Defense_Walker Normal,True
cards/Count_Dooku_Normal.jpg,Count_Dooku Normal,True
cards/AT-AT_Suppressor_Normal.jpg,AT-AT_Suppressor Normal,True
cards/Avenger_Normal.jpg,Avenger Normal,True
cards/Power_of_the_Dark_Side_Normal.jpg,Power_of_the_Dark_Side Normal,True
cards/Search_Your_Feelings_Normal.jpg,Search_Your_Feelings Normal,True
cards/Superlaser_Blast_Normal.jpg,Superlaser_Blast Normal,True
cards/Restored_ARC-170_Normal.jpg,Restored_ARC-170 Normal,True
cards/Yoda_Normal.jpg,Yoda Normal,True
cards/Consular_Security_Force_Normal.jpg,Consular_Security_Force Normal,True
cards/Kanan_Jarrus_Normal.jpg,Kanan_Jarrus Normal,True
cards/Vigilant_Honor_Guards_Normal.jpg,Vigilant_Honor_Guards Normal,True
cards/Obi-Wan_Kenobi_Normal.jpg,Obi-Wan_Kenobi Normal,True
cards/The_Ghost_Normal.jpg,The_Ghost Normal,True
cards/Redemption_Normal.jpg,Redemption Normal,True
cards/Luke's_Lightsaber_Normal.jpg,Luke's_Lightsaber Normal,True
cards/Jedi_Lightsaber_Normal.jpg,Jedi_Lightsaber Normal,True
cards/The_Force_Is_With_Me_Normal.jpg,The_Force_Is_With_Me Normal,True
cards/Bendu_Normal.jpg,Bendu Normal,True
cards/Protector_Normal.jpg,Protector Normal,True
cards/Vigilance_Normal.jpg,Vigilance Normal,True
cards/2-1B_Surgical_Droid_Normal.jpg,2-1B_Surgical_Droid Normal,True
cards/Distant_Patroller_Normal.jpg,Distant_Patroller Normal,True
cards/Guardian_of_the_Whills_Normal.jpg,Guardian_of_the_Whills Normal,True
cards/Regional_Governor_Normal.jpg,Regional_Governor Normal,True
cards/Cloud_City_Wing_Guard_Normal.jpg,Cloud_City_Wing_Guard Normal,True
cards/Wilderness_Fighter_Normal.jpg,Wilderness_Fighter Normal,True
cards/Baze_Malbus_Normal.jpg,Baze_Malbus Normal,True
cards/System_Patrol_Craft_Normal.jpg,System_Patrol_Craft Normal,True
cards/Rugged_Survivors_Normal.jpg,Rugged_Survivors Normal,True
cards/Cargo_Juggernaut_Normal.jpg,Cargo_Juggernaut Normal,True
cards/Resilient_Normal.jpg,Resilient Normal,True
cards/Devotion_Normal.jpg,Devotion Normal,True
cards/Electrostaff_Normal.jpg,Electrostaff Normal,True
cards/Entrenched_Normal.jpg,Entrenched Normal,True
cards/Moment_of_Peace_Normal.jpg,Moment_of_Peace Normal,True
cards/Repair_Normal.jpg,Repair Normal,True
cards/It_Binds_All_Things_Normal.jpg,It_Binds_All_Things Normal,True
cards/Make_an_Opening_Normal.jpg,Make_an_Opening Normal,True
cards/Takedown_Normal.jpg,Takedown Normal,True
cards/Vanquish_Normal.jpg,Vanquish Normal,True
cards/Admiral_Piett_Normal.jpg,Admiral_Piett Normal,True
cards/General_Tagge_Normal.jpg,General_Tagge Normal,True
cards/Seasoned_Shoretrooper_Normal.jpg,Seasoned_Shoretrooper Normal,True
cards/Emperor's_Royal_Guard_Normal.jpg,Emperor's_Royal_Guard Normal,True
cards/Superlaser_Technician_Normal.jpg,Superlaser_Technician Normal,True
cards/Rukh_Normal.jpg,Rukh Normal,True
cards/Gladiator_Star_Destroyer_Normal.jpg,Gladiator_Star_Destroyer Normal,True
cards/Blizzard_Assault_AT-AT_Normal.jpg,Blizzard_Assault_AT-AT Normal,True
cards/Relentless_Normal.jpg,Relentless Normal,True
cards/Devastator_Normal.jpg,Devastator Normal,True
cards/The_Emperor's_Legion_Normal.jpg,The_Emperor's_Legion Normal,True
cards/Overwhelming_Barrage_Normal.jpg,Overwhelming_Barrage Normal,True
cards/Alliance_Dispatcher_Normal.jpg,Alliance_Dispatcher Normal,True
cards/Bail_Organa_Normal.jpg,Bail_Organa Normal,True
cards/Battlefield_Marine_Normal.jpg,Battlefield_Marine Normal,True
cards/Mon_Mothma_Normal.jpg,Mon_Mothma Normal,True
cards/Admiral_Ackbar_Normal.jpg,Admiral_Ackbar Normal,True
cards/Echo_Base_Defender_Normal.jpg,Echo_Base_Defender Normal,True
cards/Bright_Hope_Normal.jpg,Bright_Hope Normal,True
cards/Wedge_Antilles_Normal.jpg,Wedge_Antilles Normal,True
cards/Rogue_Squadron_Skirmisher_Normal.jpg,Rogue_Squadron_Skirmisher Normal,True
cards/Home_One_Normal.jpg,Home_One Normal,True
cards/Rebel_Assault_Normal.jpg,Rebel_Assault Normal,True
cards/U-Wing_Reinforcement_Normal.jpg,U-Wing_Reinforcement Normal,True
cards/General_Krell_Normal.jpg,General_Krell Normal,True
cards/Attack_Pattern_Delta_Normal.jpg,Attack_Pattern_Delta Normal,True
cards/Command_Normal.jpg,Command Normal,True
cards/Vanguard_Infantry_Normal.jpg,Vanguard_Infantry Normal,True
cards/Colonel_Yularen_Normal.jpg,Colonel_Yularen Normal,True
cards/Frontline_Shuttle_Normal.jpg,Frontline_Shuttle Normal,True
cards/Patrolling_V-Wing_Normal.jpg,Patrolling_V-Wing Normal,True
cards/Consortium_StarViper_Normal.jpg,Consortium_StarViper Normal,True
cards/Homestead_Militia_Normal.jpg,Homestead_Militia Normal,True
cards/Escort_Skiff_Normal.jpg,Escort_Skiff Normal,True
cards/Agent_Kallus_Normal.jpg,Agent_Kallus Normal,True
cards/Steadfast_Battalion_Normal.jpg,Steadfast_Battalion Normal,True
cards/Mercenary_Company_Normal.jpg,Mercenary_Company Normal,True
cards/97th_Legion_Normal.jpg,97th_Legion Normal,True
cards/Reinforcement_Walker_Normal.jpg,Reinforcement_Walker Normal,True
cards/Academy_Training_Normal.jpg,Academy_Training Normal,True
cards/Hardpoint_Heavy_Blaster_Normal.jpg,Hardpoint_Heavy_Blaster Normal,True
cards/Traitorous_Normal.jpg,Traitorous Normal,True
cards/Recruit_Normal.jpg,Recruit Normal,True
cards/Tactical_Advantage_Normal.jpg,Tactical_Advantage Normal,True
cards/Prepare_for_Takeoff_Normal.jpg,Prepare_for_Takeoff Normal,True
cards/Resupply_Normal.jpg,Resupply Normal,True
cards/Strike_True_Normal.jpg,Strike_True Normal,True
cards/Death_Star_Stormtrooper_Normal.jpg,Death_Star_Stormtrooper Normal,True
cards/Admiral_Ozzel_Normal.jpg,Admiral_Ozzel Normal,True
cards/First_Legion_Snowtrooper_Normal.jpg,First_Legion_Snowtrooper Normal,True
cards/Fifth_Brother_Normal.jpg,Fifth_Brother Normal,True
cards/Imperial_Interceptor_Normal.jpg,Imperial_Interceptor Normal,True
cards/Seventh_Sister_Normal.jpg,Seventh_Sister Normal,True
cards/Ruthless_Raider_Normal.jpg,Ruthless_Raider Normal,True
cards/Vader's_Lightsaber_Normal.jpg,Vader's_Lightsaber Normal,True
cards/Fallen_Lightsaber_Normal.jpg,Fallen_Lightsaber Normal,True
cards/Force_Lightning_Normal.jpg,Force_Lightning Normal,True
cards/Force_Choke_Normal.jpg,Force_Choke Normal,True
cards/SpecForce_Soldier_Normal.jpg,SpecForce_Soldier Normal,True
cards/Green_Squadron_A-Wing_Normal.jpg,Green_Squadron_A-Wing Normal,True
cards/Fighters_For_Freedom_Normal.jpg,Fighters_For_Freedom Normal,True
cards/Red_Three_Normal.jpg,Red_Three Normal,True
cards/K-2SO_Normal.jpg,K-2SO Normal,True
cards/Zeb_Orrelios_Normal.jpg,Zeb_Orrelios Normal,True
cards/Black_One_Normal.jpg,Black_One Normal,True
cards/Guerilla_Attack_Pod_Normal.jpg,Guerilla_Attack_Pod Normal,True
cards/Mace_Windu_Normal.jpg,Mace_Windu Normal,True
cards/Heroic_Sacrifice_Normal.jpg,Heroic_Sacrifice Normal,True
cards/Karabast_Normal.jpg,Karabast Normal,True
cards/For_A_Cause_I_Believe_In_Normal.jpg,For_A_Cause_I_Believe_In Normal,True
cards/Saw_Gerrera_Normal.jpg,Saw_Gerrera Normal,True
cards/Rallying_Cry_Normal.jpg,Rallying_Cry Normal,True
cards/Aggression_Normal.jpg,Aggression Normal,True
"cards/Benthic_""Two_Tubes""_Normal.jpg","Benthic_""Two_Tubes"" Normal",True
cards/Cantina_Braggart_Normal.jpg,Cantina_Braggart Normal,True
cards/Jedha_Agitator_Normal.jpg,Jedha_Agitator Normal,True
cards/Partisan_Insurgent_Normal.jpg,Partisan_Insurgent Normal,True
cards/Wolffe_Normal.jpg,Wolffe Normal,True
cards/Ardent_Sympathizer_Normal.jpg,Ardent_Sympathizer Normal,True
cards/Disabling_Fang_Fighter_Normal.jpg,Disabling_Fang_Fighter Normal,True
cards/Star_Wing_Scout_Normal.jpg,Star_Wing_Scout Normal,True
cards/Wampa_Normal.jpg,Wampa Normal,True
cards/Occupier_Siege_Tank_Normal.jpg,Occupier_Siege_Tank Normal,True
cards/Infiltrator's_Skill_Normal.jpg,Infiltrator's_Skill Normal,True
cards/Force_Throw_Normal.jpg,Force_Throw Normal,True
cards/Precision_Fire_Normal.jpg,Precision_Fire Normal,True
cards/Keep_Fighting_Normal.jpg,Keep_Fighting Normal,True
cards/Power_Failure_Normal.jpg,Power_Failure Normal,True
cards/Mission_Briefing_Normal.jpg,Mission_Briefing Normal,True
cards/Open_Fire_Normal.jpg,Open_Fire Normal,True
cards/Bombing_Run_Normal.jpg,Bombing_Run Normal,True
cards/Smoke_and_Cinders_Normal.jpg,Smoke_and_Cinders Normal,True
cards/Forced_Surrender_Normal.jpg,Forced_Surrender Normal,True
cards/ISB_Agent_Normal.jpg,ISB_Agent Normal,True
cards/Bib_Fortuna_Normal.jpg,Bib_Fortuna Normal,True
cards/Cartel_Spacer_Normal.jpg,Cartel_Spacer Normal,True
cards/Seventh_Fleet_Defender_Normal.jpg,Seventh_Fleet_Defender Normal,True
cards/Jabba_the_Hutt_Normal.jpg,Jabba_the_Hutt Normal,True
cards/Bossk_Normal.jpg,Bossk Normal,True
cards/Bounty_Hunter_Crew_Normal.jpg,Bounty_Hunter_Crew Normal,True
cards/Fett's_Firespray_Normal.jpg,Fett's_Firespray Normal,True
cards/Chimaera_Normal.jpg,Chimaera Normal,True
cards/No_Good_to_Me_Dead_Normal.jpg,No_Good_to_Me_Dead Normal,True
cards/I_Had_No_Choice_Normal.jpg,I_Had_No_Choice Normal,True
cards/Chopper_Normal.jpg,Chopper Normal,True
cards/Lothal_Insurgent_Normal.jpg,Lothal_Insurgent Normal,True
cards/Vanguard_Ace_Normal.jpg,Vanguard_Ace Normal,True
cards/Ezra_Bridger_Normal.jpg,Ezra_Bridger Normal,True
cards/Millennium_Falcon_Normal.jpg,Millennium_Falcon Normal,True
cards/Rogue_Operative_Normal.jpg,Rogue_Operative Normal,True
cards/Auzituck_Liberator_Gunship_Normal.jpg,Auzituck_Liberator_Gunship Normal,True
cards/Lando_Calrissian_Normal.jpg,Lando_Calrissian Normal,True
cards/Bamboozle_Normal.jpg,Bamboozle Normal,True
cards/Spark_of_Rebellion_Normal.jpg,Spark_of_Rebellion Normal,True
cards/Bodhi_Rook_Normal.jpg,Bodhi_Rook Normal,True
cards/Cantina_Bouncer_Normal.jpg,Cantina_Bouncer Normal,True
cards/Cunning_Normal.jpg,Cunning Normal,True
cards/Greedo_Normal.jpg,Greedo Normal,True
cards/Jawa_Scavenger_Normal.jpg,Jawa_Scavenger Normal,True
cards/Mining_Guild_TIE_Fighter_Normal.jpg,Mining_Guild_TIE_Fighter Normal,True
cards/Crafty_Smuggler_Normal.jpg,Crafty_Smuggler Normal,True
cards/Outer_Rim_Headhunter_Normal.jpg,Outer_Rim_Headhunter Normal,True
cards/Pirated_Starfighter_Normal.jpg,Pirated_Starfighter Normal,True
cards/Swoop_Racer_Normal.jpg,Swoop_Racer Normal,True
cards/Gamorrean_Guards_Normal.jpg,Gamorrean_Guards Normal,True
cards/Strafing_Gunship_Normal.jpg,Strafing_Gunship Normal,True
cards/Syndicate_Lackeys_Normal.jpg,Syndicate_Lackeys Normal,True
cards/Smuggling_Compartment_Normal.jpg,Smuggling_Compartment Normal,True
cards/Snapshot_Reflexes_Normal.jpg,Snapshot_Reflexes Normal,True
cards/Disarm_Normal.jpg,Disarm Normal,True
cards/Shoot_First_Normal.jpg,Shoot_First Normal,True
cards/Asteroid_Sanctuary_Normal.jpg,Asteroid_Sanctuary Normal,True
cards/Sneak_Attack_Normal.jpg,Sneak_Attack Normal,True
cards/Surprise_Strike_Normal.jpg,Surprise_Strike Normal,True
cards/Outmaneuver_Normal.jpg,Outmaneuver Normal,True
cards/Waylay_Normal.jpg,Waylay Normal,True
cards/Don't_Get_Cocky_Normal.jpg,Don't_Get_Cocky Normal,True
cards/Change_of_Heart_Normal.jpg,Change_of_Heart Normal,True
cards/ln_Fighter_Normal.jpg,ln_Fighter Normal,True
cards/Admiral_Motti_Normal.jpg,Admiral_Motti Normal,True
cards/Snowtrooper_Lieutenant_Normal.jpg,Snowtrooper_Lieutenant Normal,True
cards/Viper_Probe_Droid_Normal.jpg,Viper_Probe_Droid Normal,True
cards/Cell_Block_Guard_Normal.jpg,Cell_Block_Guard Normal,True
cards/General_Veers_Normal.jpg,General_Veers Normal,True
cards/TIE_Advanced_Normal.jpg,TIE_Advanced Normal,True
cards/AT-ST_Normal.jpg,AT-ST Normal,True
cards/I_Am_Your_Father_Normal.jpg,I_Am_Your_Father Normal,True
cards/Maximum_Firepower_Normal.jpg,Maximum_Firepower Normal,True
cards/Galactic_Ambition_Normal.jpg,Galactic_Ambition Normal,True
cards/R2-D2_Normal.jpg,R2-D2 Normal,True
cards/Alliance_X-Wing_Normal.jpg,Alliance_X-Wing Normal,True
cards/C-3PO_Normal.jpg,C-3PO Normal,True
cards/Rebel_Pathfinder_Normal.jpg,Rebel_Pathfinder Normal,True
cards/Fleet_Lieutenant_Normal.jpg,Fleet_Lieutenant Normal,True
cards/Wing_Leader_Normal.jpg,Wing_Leader Normal,True
cards/General_Dodonna_Normal.jpg,General_Dodonna Normal,True
cards/Regional_Sympathizers_Normal.jpg,Regional_Sympathizers Normal,True
cards/Snowspeeder_Normal.jpg,Snowspeeder Normal,True
cards/Medal_Ceremony_Normal.jpg,Medal_Ceremony Normal,True
cards/You're_My_Only_Hope_Normal.jpg,You're_My_Only_Hope Normal,True
cards/Underworld_Thug_Normal.jpg,Underworld_Thug Normal,True
cards/Volunteer_Soldier_Normal.jpg,Volunteer_Soldier Normal,True
cards/Frontier_AT-RT_Normal.jpg,Frontier_AT-RT Normal,True
cards/Corellian_Freighter_Normal.jpg,Corellian_Freighter Normal,True
cards/Confiscate_Normal.jpg,Confiscate Normal,True
cards/Restock_Normal.jpg,Restock Normal,True
cards/Experience_Normal.jpg,Experience Normal,True
cards/Shield_Normal.jpg,Shield Normal,True
cards/Director_Krennic_Hyperspace.jpg,Director_Krennic Hyperspace,True
cards/Iden_Versio_Hyperspace.jpg,Iden_Versio Hyperspace,True
cards/Chewbacca_Hyperspace.jpg,Chewbacca Hyperspace,True
cards/Chirrut_Îmwe_Hyperspace.jpg,Chirrut_Îmwe Hyperspace,True
cards/Emperor_Palpatine_Hyperspace.jpg,Emperor_Palpatine Hyperspace,True
cards/Grand_Moff_Tarkin_Hyperspace.jpg,Grand_Moff_Tarkin Hyperspace,True
cards/Hera_Syndulla_Hyperspace.jpg,Hera_Syndulla Hyperspace,True
cards/Leia_Organa_Hyperspace.jpg,Leia_Organa Hyperspace,True
cards/Grand_Inquisitor_Hyperspace.jpg,Grand_Inquisitor Hyperspace,True
cards/IG-88_Hyperspace.jpg,IG-88 Hyperspace,True
cards/Cassian_Andor_Hyperspace.jpg,Cassian_Andor Hyperspace,True
cards/Sabine_Wren_Hyperspace.jpg,Sabine_Wren Hyperspace,True
cards/Boba_Fett_Hyperspace.jpg,Boba_Fett Hyperspace,True
cards/Grand_Admiral_Thrawn_Hyperspace.jpg,Grand_Admiral_Thrawn Hyperspace,True
cards/Han_Solo_Hyperspace.jpg,Han_Solo Hyperspace,True
cards/Jyn_Erso_Hyperspace.jpg,Jyn_Erso Hyperspace,True
cards/Security_Complex_Hyperspace.jpg,Security_Complex Hyperspace,True
cards/Capital_City_Hyperspace.jpg,Capital_City Hyperspace,True
cards/Dagobah_Swamp_Hyperspace.jpg,Dagobah_Swamp Hyperspace,True
cards/Energy_Conversion_Lab_Hyperspace.jpg,Energy_Conversion_Lab Hyperspace,True
cards/Command_Center_Hyperspace.jpg,Command_Center Hyperspace,True
cards/Echo_Base_Hyperspace.jpg,Echo_Base Hyperspace,True
cards/Tarkintown_Hyperspace.jpg,Tarkintown Hyperspace,True
cards/Catacombs_of_Cadera_Hyperspace.jpg,Catacombs_of_Cadera Hyperspace,True
cards/Kestro_City_Hyperspace.jpg,Kestro_City Hyperspace,True
cards/Jedha_City_Hyperspace.jpg,Jedha_City Hyperspace,True
cards/Administrator's_Tower_Hyperspace.jpg,Administrator's_Tower Hyperspace,True
cards/Chopper_Base_Hyperspace.jpg,Chopper_Base Hyperspace,True
cards/Inferno_Four_Hyperspace.jpg,Inferno_Four Hyperspace,True
cards/Scout_Bike_Pursuer_Hyperspace.jpg,Scout_Bike_Pursuer Hyperspace,True
cards/Death_Trooper_Hyperspace.jpg,Death_Trooper Hyperspace,True
cards/Del_Meeko_Hyperspace.jpg,Del_Meeko Hyperspace,True
cards/Lieutenant_Childsen_Hyperspace.jpg,Lieutenant_Childsen Hyperspace,True
cards/Gideon_Hask_Hyperspace.jpg,Gideon_Hask Hyperspace,True
cards/Academy_Defense_Walker_Hyperspace.jpg,Academy_Defense_Walker Hyperspace,True
cards/Count_Dooku_Hyperspace.jpg,Count_Dooku Hyperspace,True
cards/AT-AT_Suppressor_Hyperspace.jpg,AT-AT_Suppressor Hyperspace,True
cards/Avenger_Hyperspace.jpg,Avenger Hyperspace,True
cards/Power_of_the_Dark_Side_Hyperspace.jpg,Power_of_the_Dark_Side Hyperspace,True
cards/Search_Your_Feelings_Hyperspace.jpg,Search_Your_Feelings Hyperspace,True
cards/Superlaser_Blast_Hyperspace.jpg,Superlaser_Blast Hyperspace,True
cards/Restored_ARC-170_Hyperspace.jpg,Restored_ARC-170 Hyperspace,True
cards/Yoda_Hyperspace.jpg,Yoda Hyperspace,True
cards/Consular_Security_Force_Hyperspace.jpg,Consular_Security_Force Hyperspace,True
cards/Kanan_Jarrus_Hyperspace.jpg,Kanan_Jarrus Hyperspace,True
cards/Vigilant_Honor_Guards_Hyperspace.jpg,Vigilant_Honor_Guards Hyperspace,True
cards/Obi-Wan_Kenobi_Hyperspace.jpg,Obi-Wan_Kenobi Hyperspace,True
cards/The_Ghost_Hyperspace.jpg,The_Ghost Hyperspace,True
cards/Luke_Skywalker_Hyperspace.jpg,Luke_Skywalker Hyperspace,True
cards/Redemption_Hyperspace.jpg,Redemption Hyperspace,True
cards/Jedi_Lightsaber_Hyperspace.jpg,Jedi_Lightsaber Hyperspace,True
cards/The_Force_Is_With_Me_Hyperspace.jpg,The_Force_Is_With_Me Hyperspace,True
cards/Bendu_Hyperspace.jpg,Bendu Hyperspace,True
cards/Protector_Hyperspace.jpg,Protector Hyperspace,True
cards/Vigilance_Hyperspace.jpg,Vigilance Hyperspace,True
cards/2-1B_Surgical_Droid_Hyperspace.jpg,2-1B_Surgical_Droid Hyperspace,True
cards/Distant_Patroller_Hyperspace.jpg,Distant_Patroller Hyperspace,True
cards/Guardian_of_the_Whills_Hyperspace.jpg,Guardian_of_the_Whills Hyperspace,True
cards/Regional_Governor_Hyperspace.jpg,Regional_Governor Hyperspace,True
cards/Cloud_City_Wing_Guard_Hyperspace.jpg,Cloud_City_Wing_Guard Hyperspace,True
cards/Wilderness_Fighter_Hyperspace.jpg,Wilderness_Fighter Hyperspace,True
cards/Baze_Malbus_Hyperspace.jpg,Baze_Malbus Hyperspace,True
cards/System_Patrol_Craft_Hyperspace.jpg,System_Patrol_Craft Hyperspace,True
cards/Rugged_Survivors_Hyperspace.jpg,Rugged_Survivors Hyperspace,True
cards/Cargo_Juggernaut_Hyperspace.jpg,Cargo_Juggernaut Hyperspace,True
cards/Resilient_Hyperspace.jpg,Resilient Hyperspace,True
cards/Devotion_Hyperspace.jpg,Devotion Hyperspace,True
cards/Electrostaff_Hyperspace.jpg,Electrostaff Hyperspace,True
cards/Entrenched_Hyperspace.jpg,Entrenched Hyperspace,True
cards/Moment_of_Peace_Hyperspace.jpg,Moment_of_Peace Hyperspace,True
cards/Repair_Hyperspace.jpg,Repair Hyperspace,True
cards/It_Binds_All_Things_Hyperspace.jpg,It_Binds_All_Things Hyperspace,True
cards/Make_an_Opening_Hyperspace.jpg,Make_an_Opening Hyperspace,True
cards/Takedown_Hyperspace.jpg,Takedown Hyperspace,True
cards/Vanquish_Hyperspace.jpg,Vanquish Hyperspace,True
cards/Admiral_Piett_Hyperspace.jpg,Admiral_Piett Hyperspace,True
cards/General_Tagge_Hyperspace.jpg,General_Tagge Hyperspace,True
cards/Seasoned_Shoretrooper_Hyperspace.jpg,Seasoned_Shoretrooper Hyperspace,True
cards/Emperor's_Royal_Guard_Hyperspace.jpg,Emperor's_Royal_Guard Hyperspace,True
cards/Superlaser_Technician_Hyperspace.jpg,Superlaser_Technician Hyperspace,True
cards/Rukh_Hyperspace.jpg,Rukh Hyperspace,True
cards/Gladiator_Star_Destroyer_Hyperspace.jpg,Gladiator_Star_Destroyer Hyperspace,True
cards/Darth_Vader_Hyperspace.jpg,Darth_Vader Hyperspace,True
cards/Blizzard_Assault_AT-AT_Hyperspace.jpg,Blizzard_Assault_AT-AT Hyperspace,True
cards/Relentless_Hyperspace.jpg,Relentless Hyperspace,True
cards/Devastator_Hyperspace.jpg,Devastator Hyperspace,True
cards/The_Emperor's_Legion_Hyperspace.jpg,The_Emperor's_Legion Hyperspace,True
cards/Overwhelming_Barrage_Hyperspace.jpg,Overwhelming_Barrage Hyperspace,True
cards/Alliance_Dispatcher_Hyperspace.jpg,Alliance_Dispatcher Hyperspace,True
cards/Bail_Organa_Hyperspace.jpg,Bail_Organa Hyperspace,True
cards/Battlefield_Marine_Hyperspace.jpg,Battlefield_Marine Hyperspace,True
cards/Mon_Mothma_Hyperspace.jpg,Mon_Mothma Hyperspace,True
cards/Admiral_Ackbar_Hyperspace.jpg,Admiral_Ackbar Hyperspace,True
cards/Echo_Base_Defender_Hyperspace.jpg,Echo_Base_Defender Hyperspace,True
cards/Bright_Hope_Hyperspace.jpg,Bright_Hope Hyperspace,True
cards/Wedge_Antilles_Hyperspace.jpg,Wedge_Antilles Hyperspace,True
cards/Rogue_Squadron_Skirmisher_Hyperspace.jpg,Rogue_Squadron_Skirmisher Hyperspace,True
cards/Home_One_Hyperspace.jpg,Home_One Hyperspace,True
cards/Rebel_Assault_Hyperspace.jpg,Rebel_Assault Hyperspace,True
cards/U-Wing_Reinforcement_Hyperspace.jpg,U-Wing_Reinforcement Hyperspace,True
cards/General_Krell_Hyperspace.jpg,General_Krell Hyperspace,True
cards/Attack_Pattern_Delta_Hyperspace.jpg,Attack_Pattern_Delta Hyperspace,True
cards/Command_Hyperspace.jpg,Command Hyperspace,True
cards/Vanguard_Infantry_Hyperspace.jpg,Vanguard_Infantry Hyperspace,True
cards/Colonel_Yularen_Hyperspace.jpg,Colonel_Yularen Hyperspace,True
cards/Frontline_Shuttle_Hyperspace.jpg,Frontline_Shuttle Hyperspace,True
cards/Patrolling_V-Wing_Hyperspace.jpg,Patrolling_V-Wing Hyperspace,True
cards/Consortium_StarViper_Hyperspace.jpg,Consortium_StarViper Hyperspace,True
cards/Homestead_Militia_Hyperspace.jpg,Homestead_Militia Hyperspace,True
cards/Escort_Skiff_Hyperspace.jpg,Escort_Skiff Hyperspace,True
cards/Agent_Kallus_Hyperspace.jpg,Agent_Kallus Hyperspace,True
cards/Steadfast_Battalion_Hyperspace.jpg,Steadfast_Battalion Hyperspace,True
cards/Mercenary_Company_Hyperspace.jpg,Mercenary_Company Hyperspace,True
cards/97th_Legion_Hyperspace.jpg,97th_Legion Hyperspace,True
cards/Reinforcement_Walker_Hyperspace.jpg,Reinforcement_Walker Hyperspace,True
cards/Academy_Training_Hyperspace.jpg,Academy_Training Hyperspace,True
cards/Hardpoint_Heavy_Blaster_Hyperspace.jpg,Hardpoint_Heavy_Blaster Hyperspace,True
cards/Traitorous_Hyperspace.jpg,Traitorous Hyperspace,True
cards/Recruit_Hyperspace.jpg,Recruit Hyperspace,True
cards/Tactical_Advantage_Hyperspace.jpg,Tactical_Advantage Hyperspace,True
cards/Prepare_for_Takeoff_Hyperspace.jpg,Prepare_for_Takeoff Hyperspace,True
cards/Resupply_Hyperspace.jpg,Resupply Hyperspace,True
cards/Strike_True_Hyperspace.jpg,Strike_True Hyperspace,True
cards/Death_Star_Stormtrooper_Hyperspace.jpg,Death_Star_Stormtrooper Hyperspace,True
cards/Admiral_Ozzel_Hyperspace.jpg,Admiral_Ozzel Hyperspace,True
cards/First_Legion_Snowtrooper_Hyperspace.jpg,First_Legion_Snowtrooper Hyperspace,True
cards/Fifth_Brother_Hyperspace.jpg,Fifth_Brother Hyperspace,True
cards/Imperial_Interceptor_Hyperspace.jpg,Imperial_Interceptor Hyperspace,True
cards/Seventh_Sister_Hyperspace.jpg,Seventh_Sister Hyperspace,True
cards/Ruthless_Raider_Hyperspace.jpg,Ruthless_Raider Hyperspace,True
cards/Fallen_Lightsaber_Hyperspace.jpg,Fallen_Lightsaber Hyperspace,True
cards/Force_Lightning_Hyperspace.jpg,Force_Lightning Hyperspace,True
cards/Force_Choke_Hyperspace.jpg,Force_Choke Hyperspace,True
cards/SpecForce_Soldier_Hyperspace.jpg,SpecForce_Soldier Hyperspace,True
cards/Green_Squadron_A-Wing_Hyperspace.jpg,Green_Squadron_A-Wing Hyperspace,True
cards/Fighters_For_Freedom_Hyperspace.jpg,Fighters_For_Freedom Hyperspace,True
cards/Red_Three_Hyperspace.jpg,Red_Three Hyperspace,True
cards/K-2SO_Hyperspace.jpg,K-2SO Hyperspace,True
cards/Zeb_Orrelios_Hyperspace.jpg,Zeb_Orrelios Hyperspace,True
cards/Black_One_Hyperspace.jpg,Black_One Hyperspace,True
cards/Guerilla_Attack_Pod_Hyperspace.jpg,Guerilla_Attack_Pod Hyperspace,True
cards/Mace_Windu_Hyperspace.jpg,Mace_Windu Hyperspace,True
cards/Heroic_Sacrifice_Hyperspace.jpg,Heroic_Sacrifice Hyperspace,True
cards/Karabast_Hyperspace.jpg,Karabast Hyperspace,True
cards/For_A_Cause_I_Believe_In_Hyperspace.jpg,For_A_Cause_I_Believe_In Hyperspace,True
cards/Saw_Gerrera_Hyperspace.jpg,Saw_Gerrera Hyperspace,True
cards/Rallying_Cry_Hyperspace.jpg,Rallying_Cry Hyperspace,True
cards/Aggression_Hyperspace.jpg,Aggression Hyperspace,True
"cards/Benthic_""Two_Tubes""_Hyperspace.jpg","Benthic_""Two_Tubes"" Hyperspace",True
cards/Cantina_Braggart_Hyperspace.jpg,Cantina_Braggart Hyperspace,True
cards/Jedha_Agitator_Hyperspace.jpg,Jedha_Agitator Hyperspace,True
cards/Partisan_Insurgent_Hyperspace.jpg,Partisan_Insurgent Hyperspace,True
cards/Wolffe_Hyperspace.jpg,Wolffe Hyperspace,True
cards/Ardent_Sympathizer_Hyperspace.jpg,Ardent_Sympathizer Hyperspace,True
cards/Disabling_Fang_Fighter_Hyperspace.jpg,Disabling_Fang_Fighter Hyperspace,True
cards/Star_Wing_Scout_Hyperspace.jpg,Star_Wing_Scout Hyperspace,True
cards/Wampa_Hyperspace.jpg,Wampa Hyperspace,True
cards/Occupier_Siege_Tank_Hyperspace.jpg,Occupier_Siege_Tank Hyperspace,True
cards/Infiltrator's_Skill_Hyperspace.jpg,Infiltrator's_Skill Hyperspace,True
cards/Force_Throw_Hyperspace.jpg,Force_Throw Hyperspace,True
cards/Precision_Fire_Hyperspace.jpg,Precision_Fire Hyperspace,True
cards/Keep_Fighting_Hyperspace.jpg,Keep_Fighting Hyperspace,True
cards/Power_Failure_Hyperspace.jpg,Power_Failure Hyperspace,True
cards/Mission_Briefing_Hyperspace.jpg,Mission_Briefing Hyperspace,True
cards/Open_Fire_Hyperspace.jpg,Open_Fire Hyperspace,True
cards/Bombing_Run_Hyperspace.jpg,Bombing_Run Hyperspace,True
cards/Smoke_and_Cinders_Hyperspace.jpg,Smoke_and_Cinders Hyperspace,True
cards/Forced_Surrender_Hyperspace.jpg,Forced_Surrender Hyperspace,True
cards/ISB_Agent_Hyperspace.jpg,ISB_Agent Hyperspace,True
cards/Bib_Fortuna_Hyperspace.jpg,Bib_Fortuna Hyperspace,True
cards/Cartel_Spacer_Hyperspace.jpg,Cartel_Spacer Hyperspace,True
cards/Seventh_Fleet_Defender_Hyperspace.jpg,Seventh_Fleet_Defender Hyperspace,True
cards/Jabba_the_Hutt_Hyperspace.jpg,Jabba_the_Hutt Hyperspace,True
cards/Bossk_Hyperspace.jpg,Bossk Hyperspace,True
cards/Bounty_Hunter_Crew_Hyperspace.jpg,Bounty_Hunter_Crew Hyperspace,True
cards/Fett's_Firespray_Hyperspace.jpg,Fett's_Firespray Hyperspace,True
cards/Chimaera_Hyperspace.jpg,Chimaera Hyperspace,True
cards/No_Good_to_Me_Dead_Hyperspace.jpg,No_Good_to_Me_Dead Hyperspace,True
cards/I_Had_No_Choice_Hyperspace.jpg,I_Had_No_Choice Hyperspace,True
cards/Chopper_Hyperspace.jpg,Chopper Hyperspace,True
cards/Lothal_Insurgent_Hyperspace.jpg,Lothal_Insurgent Hyperspace,True
cards/Vanguard_Ace_Hyperspace.jpg,Vanguard_Ace Hyperspace,True
cards/Ezra_Bridger_Hyperspace.jpg,Ezra_Bridger Hyperspace,True
cards/Millennium_Falcon_Hyperspace.jpg,Millennium_Falcon Hyperspace,True
cards/Rogue_Operative_Hyperspace.jpg,Rogue_Operative Hyperspace,True
cards/Auzituck_Liberator_Gunship_Hyperspace.jpg,Auzituck_Liberator_Gunship Hyperspace,True
cards/Lando_Calrissian_Hyperspace.jpg,Lando_Calrissian Hyperspace,True
cards/Bamboozle_Hyperspace.jpg,Bamboozle Hyperspace,True
cards/Spark_of_Rebellion_Hyperspace.jpg,Spark_of_Rebellion Hyperspace,True
cards/Bodhi_Rook_Hyperspace.jpg,Bodhi_Rook Hyperspace,True
cards/Cantina_Bouncer_Hyperspace.jpg,Cantina_Bouncer Hyperspace,True
cards/Cunning_Hyperspace.jpg,Cunning Hyperspace,True
cards/Greedo_Hyperspace.jpg,Greedo Hyperspace,True
cards/Jawa_Scavenger_Hyperspace.jpg,Jawa_Scavenger Hyperspace,True
cards/Mining_Guild_TIE_Fighter_Hyperspace.jpg,Mining_Guild_TIE_Fighter Hyperspace,True
cards/Crafty_Smuggler_Hyperspace.jpg,Crafty_Smuggler Hyperspace,True
cards/Outer_Rim_Headhunter_Hyperspace.jpg,Outer_Rim_Headhunter Hyperspace,True
cards/Pirated_Starfighter_Hyperspace.jpg,Pirated_Starfighter Hyperspace,True
cards/Swoop_Racer_Hyperspace.jpg,Swoop_Racer Hyperspace,True
cards/Gamorrean_Guards_Hyperspace.jpg,Gamorrean_Guards Hyperspace,True
cards/Strafing_Gunship_Hyperspace.jpg,Strafing_Gunship Hyperspace,True
cards/Syndicate_Lackeys_Hyperspace.jpg,Syndicate_Lackeys Hyperspace,True
cards/Smuggling_Compartment_Hyperspace.jpg,Smuggling_Compartment Hyperspace,True
cards/Snapshot_Reflexes_Hyperspace.jpg,Snapshot_Reflexes Hyperspace,True
cards/Disarm_Hyperspace.jpg,Disarm Hyperspace,True
cards/Shoot_First_Hyperspace.jpg,Shoot_First Hyperspace,True
cards/Asteroid_Sanctuary_Hyperspace.jpg,Asteroid_Sanctuary Hyperspace,True
cards/Sneak_Attack_Hyperspace.jpg,Sneak_Attack Hyperspace,True
cards/Surprise_Strike_Hyperspace.jpg,Surprise_Strike Hyperspace,True
cards/Outmaneuver_Hyperspace.jpg,Outmaneuver Hyperspace,True
cards/Waylay_Hyperspace.jpg,Waylay Hyperspace,True
cards/Don't_Get_Cocky_Hyperspace.jpg,Don't_Get_Cocky Hyperspace,True
cards/Change_of_Heart_Hyperspace.jpg,Change_of_Heart Hyperspace,True
cards/ln_Fighter_Hyperspace.jpg,ln_Fighter Hyperspace,True
cards/Snowtrooper_Lieutenant_Hyperspace.jpg,Snowtrooper_Lieutenant Hyperspace,True
cards/Viper_Probe_Droid_Hyperspace.jpg,Viper_Probe_Droid Hyperspace,True
cards/Cell_Block_Guard_Hyperspace.jpg,Cell_Block_Guard Hyperspace,True
cards/General_Veers_Hyperspace.jpg,General_Veers Hyperspace,True
cards/TIE_Advanced_Hyperspace.jpg,TIE_Advanced Hyperspace,True
cards/AT-ST_Hyperspace.jpg,AT-ST Hyperspace,True
cards/Maximum_Firepower_Hyperspace.jpg,Maximum_Firepower Hyperspace,True
cards/Galactic_Ambition_Hyperspace.jpg,Galactic_Ambition Hyperspace,True
cards/Alliance_X-Wing_Hyperspace.jpg,Alliance_X-Wing Hyperspace,True
cards/Rebel_Pathfinder_Hyperspace.jpg,Rebel_Pathfinder Hyperspace,True
cards/Fleet_Lieutenant_Hyperspace.jpg,Fleet_Lieutenant Hyperspace,True
cards/Wing_Leader_Hyperspace.jpg,Wing_Leader Hyperspace,True
cards/General_Dodonna_Hyperspace.jpg,General_Dodonna Hyperspace,True
cards/Regional_Sympathizers_Hyperspace.jpg,Regional_Sympathizers Hyperspace,True
cards/Snowspeeder_Hyperspace.jpg,Snowspeeder Hyperspace,True
cards/Medal_Ceremony_Hyperspace.jpg,Medal_Ceremony Hyperspace,True
cards/You're_My_Only_Hope_Hyperspace.jpg,You're_My_Only_Hope Hyperspace,True
cards/Underworld_Thug_Hyperspace.jpg,Underworld_Thug Hyperspace,True
cards/Volunteer_Soldier_Hyperspace.jpg,Volunteer_Soldier Hyperspace,True
cards/Frontier_AT-RT_Hyperspace.jpg,Frontier_AT-RT Hyperspace,True
cards/Corellian_Freighter_Hyperspace.jpg,Corellian_Freighter Hyperspace,True
cards/Confiscate_Hyperspace.jpg,Confiscate Hyperspace,True
cards/Restock_Hyperspace.jpg,Restock Hyperspace,True
cards/Vader's_Lightsaber_Hyperspace.jpg,Vader's_Lightsaber Hyperspace,True
cards/I_Am_Your_Father_Hyperspace.jpg,I_Am_Your_Father Hyperspace,True
cards/Admiral_Motti_Hyperspace.jpg,Admiral_Motti Hyperspace,True
cards/Luke's_Lightsaber_Hyperspace.jpg,Luke's_Lightsaber Hyperspace,True
cards/C-3PO_Hyperspace.jpg,C-3PO Hyperspace,True
cards/R2-D2_Hyperspace.jpg,R2-D2 Hyperspace,True
cards/Experience_Hyperspace.jpg,Experience Hyperspace,True
cards/Shield_Hyperspace.jpg,Shield Hyperspace,True
cards/Director_Krennic_Showcase.jpg,Director_Krennic Showcase,True
cards/Iden_Versio_Showcase.jpg,Iden_Versio Showcase,True
cards/Chewbacca_Showcase.jpg,Chewbacca Showcase,True
cards/Chirrut_Îmwe_Showcase.jpg,Chirrut_Îmwe Showcase,True
cards/Emperor_Palpatine_Showcase.jpg,Emperor_Palpatine Showcase,True
cards/Grand_Moff_Tarkin_Showcase.jpg,Grand_Moff_Tarkin Showcase,True
cards/Hera_Syndulla_Showcase.jpg,Hera_Syndulla Showcase,True
cards/Leia_Organa_Showcase.jpg,Leia_Organa Showcase,True
cards/Grand_Inquisitor_Showcase.jpg,Grand_Inquisitor Showcase,True
cards/IG-88_Showcase.jpg,IG-88 Showcase,True
cards/Cassian_Andor_Showcase.jpg,Cassian_Andor Showcase,True
cards/Sabine_Wren_Showcase.jpg,Sabine_Wren Showcase,True
cards/Boba_Fett_Showcase.jpg,Boba_Fett Showcase,True
cards/Grand_Admiral_Thrawn_Showcase.jpg,Grand_Admiral_Thrawn Showcase,True
cards/Han_Solo_Showcase.jpg,Han_Solo Showcase,True
cards/Jyn_Erso_Showcase.jpg,Jyn_Erso Showcase,True
cards/Battlefield_Marine_Showcase.jpg,Battlefield_Marine Showcase,True
cards/Green_Squadron_A-Wing_Showcase.jpg,Green_Squadron_A-Wing Showcase,True
cards/Waylay_Showcase.jpg,Waylay Showcase,True
cards/Vader's_Lightsaber_Showcase.jpg,Vader's_Lightsaber Showcase,True
cards/I_Am_Your_Father_Showcase.jpg,I_Am_Your_Father Showcase,True
cards/Admiral_Motti_Showcase.jpg,Admiral_Motti Showcase,True
cards/Luke's_Lightsaber_Showcase.jpg,Luke's_Lightsaber Showcase,True
cards/C-3PO_Showcase.jpg,C-3PO Showcase,True
cards/R2-D2_Showcase.jpg,R2-D2 Showcase,True
cards/Resupply_Showcase.jpg,Resupply Showcase,True
cards/Death_Star_Stormtrooper_Showcase.jpg,Death_Star_Stormtrooper Showcase,True
cards/Death_Trooper_Showcase.jpg,Death_Trooper Showcase,True
cards/Bossk_Showcase.jpg,Bossk Showcase,True
cards/Yoda_Showcase.jpg,Yoda Showcase,True
cards/Greedo_Showcase.jpg,Greedo Showcase,True
cards/General_Dodonna_Showcase.jpg,General_Dodonna Showcase,True
cards/General_Veers_Showcase.jpg,General_Veers Showcase,True
cards/Takedown_Showcase.jpg,Takedown Showcase,True
cards/Experience_Showcase.jpg,Experience Showcase,True
cards/Shield_Showcase.jpg,Shield Showcase,True
cards/Darth_Vader_Showcase.jpg,Darth_Vader Showcase,True
cards/Luke_Skywalker_Showcase.jpg,Luke_Skywalker Showcase,True
cards/Battlefield_Marine_Organized.jpg,Battlefield_Marine Organized,True
cards/Green_Squadron_A-Wing_Organized.jpg,Green_Squadron_A-Wing Organized,True
cards/Waylay_Organized.jpg,Waylay Organized,True
cards/Vader's_Lightsaber_Organized.jpg,Vader's_Lightsaber Organized,True
cards/I_Am_Your_Father_Organized.jpg,I_Am_Your_Father Organized,True
cards/Grand_Moff_Tarkin_Organized.jpg,Grand_Moff_Tarkin Organized,True
cards/Admiral_Motti_Organized.jpg,Admiral_Motti Organized,True
cards/Luke's_Lightsaber_Organized.jpg,Luke's_Lightsaber Organized,True
cards/C-3PO_Organized.jpg,C-3PO Organized,True
cards/R2-D2_Organized.jpg,R2-D2 Organized,True
cards/Leia_Organa_Organized.jpg,Leia_Organa Organized,True
cards/Resupply_Organized.jpg,Resupply Organized,True
cards/Death_Star_Stormtrooper_Organized.jpg,Death_Star_Stormtrooper Organized,True
cards/Death_Trooper_Organized.jpg,Death_Trooper Organized,True
cards/Bossk_Organized.jpg,Bossk Organized,True
cards/Yoda_Organized.jpg,Yoda Organized,True
cards/Sabine_Wren_Organized.jpg,Sabine_Wren Organized,True
cards/Greedo_Organized.jpg,Greedo Organized,True
cards/General_Dodonna_Organized.jpg,General_Dodonna Organized,True
cards/General_Veers_Organized.jpg,General_Veers Organized,True
cards/Takedown_Organized.jpg,Takedown Organized,True
cards/Experience_Organized.jpg,Experience Organized,True
cards/Shield_Organized.jpg,Shield Organized,True
cards/Darth_Vader_Organized.jpg,Darth_Vader Organized,True
cards/Luke_Skywalker_Organized.jpg,Luke_Skywalker Organized,True
cards/Takedown_Store.jpg,Takedown Store,True
cards/Experience_Store.jpg,Experience Store,True
cards/Shield_Store.jpg,Shield Store,True
cards/Darth_Vader_Store.jpg,Darth_Vader Store,True
cards/Luke_Skywalker_Store.jpg,Luke_Skywalker Store,True
cards/Experience_Tokens.jpg,Experience Tokens,True
cards/Shield_Tokens.jpg,Shield Tokens,True
cards/Darth_Vader_Tokens.jpg,Darth_Vader Tokens,True
cards/Luke_Skywalker_Tokens.jpg,Luke_Skywalker Tokens,True
cards/Darth_Vader_Prerelease.jpg,Darth_Vader Prerelease,True
cards/Luke_Skywalker_Prerelease.jpg,Luke_Skywalker Prerelease,True
cards/Luke_Skywalker_Event.jpg,Luke_Skywalker Event,True
cards/Darth_Vader_Event.jpg,Darth_Vader Event,True
